<?xml version="1.0"?>
<doc>
    <assembly>
        <name>AddSwaggerTest</name>
    </assembly>
    <members>
        <member name="M:AddSwaggerTest.Controllers.ValuesController.Create(System.String,AddSwaggerTest.Controllers.TodoItem)">
             <summary>
             Creates a TodoItem.
             </summary>
             <remarks>
             Sample request:
            
                 POST /Todo
                 {
                    "id": 1,
                    "name": "Item1",
                    "isComplete": true
                 }
            
             </remarks>
             <param name="name"></param>
             <returns>A newly created TodoItem</returns>
             <response code="201">Returns the newly created item</response>
             <response code="400">If the item is null</response>            
        </member>
        <member name="M:AddSwaggerTest.Controllers.ValuesController.Get">
             <summary>
             ValuesController Api Get method
             </summary>
             <remarks>
             Sample request:
            
                 Get /Value
                 {
                    "id": 1,
                    "name": "Item1",
                    "age": 16
                 }
            
             </remarks>
        </member>
        <member name="M:AddSwaggerTest.Controllers.ValuesController.Get(System.Int32)">
            <summary>
            ValuesController Api Get  by id method
            </summary>
            <param name="id"></param>
            <returns></returns>
        </member>
    </members>
</doc>
